,mean_nsfw_train,mean_nsfw_val,std_nsfw_train,std_nsfw_val
n02025239,0.011244376337183178,0.0076488269673063766,0.04221824334580827,0.02140471243419055
n03832673,0.06113595862828787,0.04200615313520757,0.16192264125376643,0.12669989297209927
n04404412,0.03777267784096389,0.05862214064744876,0.12494435070376611,0.15818909076652907
n02106382,0.026122892362982035,0.019757440047283126,0.08216322235672857,0.05529851979042696
n02233338,0.04497183359913373,0.03831947149228654,0.14125696471350135,0.13644561956883727
n02701002,0.012723972139065485,0.010241671799922187,0.059348002219589385,0.018516813082060518
n03425413,0.030698024377410614,0.02204971852544986,0.10006795109150539,0.06210565842258379
n04118538,0.4041299416379664,0.35689275856808306,0.3641802299265848,0.3499338479941168
n03998194,0.013061518510509395,0.027233123836998628,0.05197107569254043,0.062424531739458944
n01688243,0.031625070041896075,0.021686077327794918,0.10255210611790495,0.06732871647950567
n02782093,0.041717386598556484,0.010265549989926513,0.13110481888315123,0.016426631463413933
n02088364,0.0915658451888925,0.032483022678825364,0.1752818507845087,0.07329693086277597
n04152593,0.024905286203349503,0.06354412967700228,0.09549443306420362,0.1666988038637945
n02277742,0.02057357476972482,0.01424590837003052,0.078455796496525,0.06469708706075038
n02105855,0.067080483115622,0.06300333693307039,0.1412613836289336,0.12418174265336651
n02167151,0.03486816571838913,0.02180497488473833,0.126200695049797,0.0633874272675503
n02487347,0.03693451809428972,0.029136470902958535,0.09859041591434187,0.05944438122825235
n04584207,0.20810417567518427,0.34125260718882316,0.2802845981552457,0.3396720219253138
n02500267,0.022704244547096825,0.028640254266426836,0.08319365066681694,0.0917390521959422
n02098105,0.05032364820846196,0.030632498774630222,0.13345116451986305,0.11317994867595639
n03393912,0.010930861122095063,0.011465575657784938,0.0260893513715547,0.013692309407395334
n02971356,0.04064144852367912,0.04920536073088442,0.11829190677701745,0.11656314524652389
n02526121,0.024600221157704664,0.03417032395347633,0.08723208705059632,0.09387926838400705
n02497673,0.014324946664782474,0.0071875760688635635,0.05253807468298905,0.017137933721972056
n02009229,0.02933365874527943,0.0325826582614718,0.0929856692036633,0.06260319696962105
n01855032,0.012324643207482389,0.028384429229154195,0.040071010876703166,0.07173596151893404
n02317335,0.06073092730151034,0.07511875604901434,0.15990574134103977,0.18213316426946016
n02114367,0.014544389144461264,0.0035743529684714305,0.0609448835185623,0.006628088869289131
n03793489,0.08365032854886693,0.09600732259868608,0.19096270472531104,0.21885703675521048
n07747607,0.15337498968397068,0.1743998127900065,0.2742681083838823,0.29881938789816853
n12768682,0.042828054290825826,0.05437902189025806,0.12816386533280844,0.16249711413299275
n01496331,0.010828899451228965,0.006040074446160588,0.04498753632811764,0.01616090282927838
n02509815,0.017559698108041477,0.005386443100333054,0.06636281770738967,0.010091105595144409
n07753113,0.06891566558818395,0.06472399423447797,0.167190635383469,0.16976417743263275
n03617480,0.09192546880919067,0.10717366306853364,0.15435643334954777,0.16949076319017198
n01955084,0.012563965003188503,0.011385509144174353,0.06684473183208606,0.04901856259122143
n09399592,0.004774638415809621,0.0022682919334374675,0.032985575041755956,0.006704497157508339
n07930864,0.05637577362476995,0.07947693482699378,0.1547741651614454,0.17695866633520865
n01990800,0.018879503355182216,0.025958049919030373,0.08578675471281334,0.06607792380991158
n02123597,0.09317659509994122,0.0821970319957336,0.18628762813420333,0.1693733228620282
n04509417,0.0979226055854803,0.1194182850420657,0.1838059205135794,0.23784896140599246
n04239074,0.023414219921638002,0.027195590135688688,0.08297542673312476,0.07663866764186066
n03777568,0.01782425729248033,0.02051476820888638,0.06286126321456653,0.040054055065260843
n02692877,0.010737129954461438,0.0073514570945371815,0.039668158692613975,0.013471341329911126
n01532829,0.04583933112326244,0.04304587883205386,0.13394517989792715,0.11080953973035583
n02120505,0.020323995237964583,0.018688446491919423,0.06529189946968583,0.07428666265383145
n04310018,0.012031235332545142,0.0060230189652793345,0.05338959354701499,0.008822240500730936
n02091134,0.09152494627524738,0.06214008806160564,0.18483106648744727,0.127626815642405
n03590841,0.020703663101804735,0.007626528028158646,0.07909006177482862,0.010598212491076713
n02791124,0.08078543412060388,0.10026294657567632,0.1798340884192827,0.17666794991450321
n02112706,0.05530494185466666,0.05583109566781786,0.1445493750670573,0.13502877453281742
n04447861,0.05395726190903845,0.07739896288069702,0.1381764911782489,0.20041142434337383
n03840681,0.04891905519555679,0.0708258082412226,0.14326620333383042,0.17325673730242683
n07717556,0.17950786438561925,0.14648500600050285,0.2907428440265303,0.2553562993309272
n02113186,0.053444019311511465,0.04071759087233659,0.12858775441175174,0.07795856659381706
n02823428,0.030516180947036023,0.042568098282845315,0.10226617009316025,0.1108040533847439
n07697313,0.043582125985632644,0.06517567471071743,0.1175362267948289,0.17682392080072007
n04264628,0.014655572581490325,0.011467498572287696,0.07202201553026646,0.026086738687117094
n03047690,0.12584810771815974,0.07065855655712103,0.23753054573147386,0.17569100181912872
n03180011,0.020284156342151218,0.015807195569088116,0.06332718756397647,0.030041943480690426
n02326432,0.010998629521444864,0.0037769474605926236,0.04881758390727244,0.008957826438800935
n04254777,0.25917840899415906,0.2929715435460736,0.3170184563780113,0.3062902378151348
n07892512,0.059958062697951085,0.053735936644698085,0.15258771504811305,0.1396122858040731
n02124075,0.04065343908381438,0.04381961959956243,0.11703852987006531,0.10766440096800532
n04273569,0.009156073911777475,0.015768617647690917,0.04261211841662118,0.05117136568535129
n02391049,0.012636137565565446,0.024623796679366025,0.05191990165428019,0.1142113761188677
n02107142,0.10526381179908091,0.18264267501908762,0.18169576662127257,0.21667407550100168
n03920288,0.02451133704475126,0.04451018318961559,0.1118911130959431,0.11322453649948336
n04505470,0.023509051438859487,0.006773580627247782,0.09306754629878271,0.01248798668931009
n02490219,0.032554884233761114,0.07915319722961726,0.10989325855031909,0.22839463326474702
n03032252,0.016386049217338525,0.008765857835260248,0.05790317876811629,0.016065427773047977
n04456115,0.0575021834620545,0.07713060562827423,0.1383871381423621,0.20885214834368784
n02111889,0.04705977908113495,0.02543493507511812,0.1349215356546829,0.0907422835752905
n02690373,0.008421468199456017,0.008014663281264801,0.021267298323984468,0.01080370194704981
n03095699,0.006302409344796082,0.0023209046740339545,0.03293969651063678,0.0033524703786032804
n02423022,0.0694521123934928,0.12476822728785919,0.16193888048928123,0.24709798711569853
n07742313,0.09861995765184767,0.055547166611647894,0.2087327172276702,0.13372254772073505
n04483307,0.012902168244104971,0.00833248171676658,0.05207776821661041,0.0180633677428915
n02007558,0.089966533829961,0.134739782914221,0.16879351313278615,0.23374084891633373
n04371774,0.13833088641737043,0.11498779819972128,0.2329582295283856,0.21052287693174992
n04335435,0.010151725399113853,0.02732443366989173,0.03931011586805236,0.10123660030788938
n02085936,0.03094263075615692,0.039958314725020046,0.10044224060348773,0.1461832917620447
n01664065,0.033701643898851774,0.039551809994341054,0.12292856449652144,0.13062467907930062
n01530575,0.034038482970193774,0.03441926283114299,0.10802547299976926,0.10435677266996937
n03384352,0.01600739380655354,0.01765149956655492,0.060088153799726075,0.08859646045651168
n02174001,0.07166363824591757,0.07298862049106901,0.1727128371315987,0.17004544117407563
n01806567,0.019092653518537533,0.015094193115655798,0.07051899260929521,0.04725969382248737
n02641379,0.0588200227557771,0.026305415024344258,0.14585957866150331,0.09519772448692046
n01773797,0.017508989407999706,0.02014483910643321,0.05300411786693834,0.0951183933991181
n02134418,0.016296553003543157,0.006651919338823972,0.06204201983612554,0.014793160708352413
n02892201,0.007885959715616645,0.009562012469211822,0.03216566428916064,0.032470571784884085
n07718472,0.08129851012701941,0.06195987042784509,0.17325531926162338,0.15816194919048562
n02165105,0.01571605301331867,0.04640810062424862,0.06502418507888802,0.16747963703215396
n06785654,0.11300490550014311,0.09140518115483247,0.2217527094400878,0.19496560235985572
n03782006,0.02937599662309305,0.050417230721056965,0.09878500468554594,0.14535412226611807
n02443114,0.04405803961628393,0.02560774218080155,0.13537742378381618,0.09532479451023144
n03794056,0.02686802430451492,0.023589405580360108,0.10319312400741312,0.047708298957803305
n04263257,0.043766226691774046,0.025906056323054826,0.13515522946496836,0.07882986333951025
n02669723,0.03698613577238196,0.015257314491386752,0.09355074066984856,0.02821417383324797
n03710721,0.7682779637851882,0.8336190681666358,0.31573869897209783,0.25584362106263525
n02107574,0.0841481309470702,0.09371968377744451,0.15841251946680043,0.1408591926846013
n02105162,0.14847689567344302,0.11864690240630353,0.22223347353943873,0.1661663615152914
n03100240,0.024448794145039636,0.013457698234604435,0.1021152933348551,0.08281495650869665
n04542943,0.02833405926242133,0.04706932331477219,0.10425214515912208,0.13430710723618347
n01968897,0.02150979657087443,0.03352467157797605,0.0872429276863758,0.1199367106678851
n07584110,0.022432181442252726,0.025667108441537037,0.09015335300812632,0.06505024958562633
n01630670,0.04806282161481662,0.022652275304608338,0.1579042497768866,0.08036709395436005
n02105412,0.07338134578228588,0.08416092798699537,0.15198578427212914,0.15391446573873155
n04258138,0.015771763910085244,0.013733773839134357,0.06660302372062367,0.03615900466807428
n03627232,0.07589069370971181,0.06417379365746456,0.1855308799201264,0.12685562970478256
n04009552,0.03219069598648568,0.02484899986974483,0.10887076981200813,0.09667045001121376
n02114855,0.012780535550910084,0.014564561764518657,0.05139279277173475,0.03800016356941921
n02408429,0.038948319340119913,0.03713408649568919,0.11335639173086039,0.1171837179453394
n02102480,0.02484927317242719,0.04253860539805828,0.07370670259877828,0.06989870621698008
n02090379,0.15244615324548186,0.22714156474961783,0.2381318186060946,0.28256132176259224
n02106030,0.04639927528877289,0.026802569122337444,0.1079407086760942,0.06759976089290533
n04429376,0.03213325888816649,0.027993970839415853,0.11216364726116847,0.07742964819436123
n01818515,0.03994981026174799,0.036675243881140886,0.10784121442097748,0.11031676980766499
n01770081,0.03659753003964179,0.05770434030893739,0.11281856415679282,0.1510852729159103
n02115913,0.02775516438076633,0.07556874988620621,0.08461532431796474,0.17975282998159245
n03976467,0.024683037590410625,0.03757489904423465,0.10017879661580249,0.13733479805521479
n02825657,0.011290602251859813,0.01565057772252203,0.04550662591035731,0.0711719960123231
n07880968,0.04122144522527925,0.047214634566639685,0.12378663588810686,0.09036416346447869
n03787032,0.049806353759423605,0.08212846627298731,0.12849393480048238,0.2074277092485811
n03207743,0.020586620001048092,0.010237696616421772,0.07558297727280562,0.022907083144766735
n03980874,0.11568604244022625,0.12846972446896415,0.20399870894536792,0.22307801500132848
n02114712,0.025821661073845356,0.013980378296743083,0.06562880206695494,0.04166401375645077
n04548362,0.024956389833731146,0.011907465239465048,0.09366748474618863,0.03572598262356646
n02086646,0.04822550712834805,0.03447241120225954,0.12394127279793803,0.0775690166868958
n04081281,0.045588018969519646,0.02940304932699746,0.11673446772663186,0.07278097381597178
n02011460,0.014740307436078104,0.014772249543518683,0.052373782551215525,0.03135994888732571
n09332890,0.015194078112549582,0.00964093428240858,0.07597430640654945,0.032914042393826226
n07745940,0.03860255312100242,0.05505145800999344,0.12074299779682815,0.15062191939951997
n03494278,0.11281950249456978,0.2080014601297222,0.228738162775335,0.27528222351996073
n01677366,0.0243960291684112,0.016252255364233862,0.0949722649523687,0.04480491616075081
n02835271,0.09535707323393812,0.06947772337495735,0.19477317982636327,0.17316696867544362
n02834397,0.02896035378057569,0.05473676648391823,0.08829364627052547,0.10610662135748007
n01824575,0.02380337235924997,0.03591403706181154,0.07119584513868585,0.08993174805776423
n03706229,0.00579245738131826,0.009731385704859576,0.045409350327386334,0.0446964360209283
n03724870,0.06494759735461934,0.10043609022601231,0.16068278012444037,0.20827462445878125
n02363005,0.009994620896415764,0.012204361449257704,0.054340682979095986,0.051741668402794455
n02085782,0.028997451847890734,0.011846876197378151,0.08824425994812884,0.01966475403895504
n02804414,0.07075792408847256,0.1101155197564482,0.1574438485704764,0.16878985543192923
n04254120,0.028583787108888446,0.01423253390264449,0.10119110326609776,0.022400007048737455
n02441942,0.03769663759948598,0.0558153190343171,0.11877517811722005,0.19139999023443707
n04201297,0.02653620326062995,0.0665841803461933,0.07976633094141403,0.18781565683398743
n04120489,0.08157217779147412,0.07323471615829817,0.19047591824830445,0.17245568261675942
n02037110,0.017290965668771606,0.020817950642358484,0.05266437809057162,0.050961533727004904
n03595614,0.09652132874938195,0.09200322420844394,0.18535352372646507,0.1756962610667032
n02101006,0.04109995272671063,0.028365341514436294,0.09839351112892097,0.05051866721709903
n07248320,0.030083943751180838,0.037066124606826636,0.08941392098800796,0.06922048569308324
n02097047,0.04732909091047158,0.05589894448542452,0.12426062459510571,0.13436826450171555
n02988304,0.014615466851228493,0.012924305078664702,0.06825369978999059,0.03242962140329715
n04275548,0.028035969478795726,0.024734387531352695,0.0918289446839711,0.08341123799184048
n03954731,0.031472054262481765,0.021905343713023207,0.10656142000156206,0.07356817503950758
n01644900,0.03510052129976406,0.0659844244591477,0.13208393633558044,0.1976377879666104
n04325704,0.13501823937943647,0.11822630111668332,0.2274787881681875,0.2256583612445627
n13052670,0.022890707697370137,0.04975923201309342,0.08316529433209989,0.14920482908002983
n04399382,0.07476821128588589,0.07019306814387165,0.15800841651129752,0.1317020219546324
n01795545,0.004915056520529628,0.0044136436659164245,0.01859216743545269,0.011547125173966234
n03085013,0.07751160114289801,0.09508165338918843,0.1738282665991071,0.2118603519481247
n02797295,0.05537243267974744,0.046060680093378326,0.14834778877839014,0.13141304721488906
n04252225,0.007067184010150289,0.00815832921843139,0.042515273970267074,0.027672098084714186
n03657121,0.0776212638608153,0.06847014149716416,0.1921075078837193,0.16163142988901044
n03126707,0.009426371375442217,0.012533594304472899,0.03966531355179655,0.04258057063003449
n02879718,0.0826999192568409,0.09547049125239872,0.17338637396316672,0.2135017970559231
n04118776,0.037419993054014694,0.031827040831242354,0.123080030443805,0.09182852847902291
n02909870,0.07136136218786998,0.0821446277927166,0.18151362114312158,0.19163017544251043
n02096051,0.03971014583768513,0.033652909819875274,0.10788494690371093,0.05186724292903786
n02276258,0.015170963354711091,0.013800735280356094,0.057038497253483575,0.03469329415492669
n09229709,0.09381500919798065,0.08518010200151366,0.20251304472898032,0.18757327339566973
n02098286,0.039723007599216174,0.03264658187582881,0.12576480245079166,0.08146487988307852
n03887697,0.07397563437238056,0.024085912387778307,0.17335868387684278,0.06691045778977472
n03218198,0.015465513898134435,0.025062689398073417,0.051665031758671626,0.05958229561586887
n04005630,0.03702853838340964,0.05112773029226446,0.10789442206792305,0.15634736286104597
n02094114,0.036026733525661755,0.040101012624166966,0.10937459931700484,0.1278038878261265
n04485082,0.04601393611969304,0.039698164331330194,0.13074792095259472,0.08526042834223894
n02087046,0.0726168302937874,0.08369901859649871,0.16019885371444043,0.19568267389081798
n02112137,0.04244618646945511,0.037107183283924317,0.11747983319353625,0.11230215230600539
n01518878,0.019518933889471717,0.020044678167323582,0.07340867957778498,0.0343895769301794
n02808440,0.15713565422361972,0.2242019313378205,0.2769280155042125,0.3044352524319386
n09256479,0.0061256559815829476,0.00687662659443049,0.03221860997246242,0.01723732183401472
n02137549,0.02002734403353377,0.012857391829902554,0.07764890023944447,0.021686126820695466
n10148035,0.13190339327032147,0.1546112552843306,0.20884812554362187,0.2270734205196642
n01986214,0.08593021194711162,0.06215370817001713,0.21309959873860254,0.1511783768741353
n04344873,0.05159865585334048,0.11874791955269756,0.14402608157098423,0.23308236177635766
n03633091,0.07330429497754942,0.04627233262090158,0.17735253113189256,0.10779657499754819
n02206856,0.045938206451355906,0.059601934190868636,0.12050436080607427,0.16859081713601587
n12985857,0.020075126674997057,0.020575659498172173,0.07939653579671282,0.0858815246786577
n04141975,0.03336555734158584,0.04733896089346715,0.10997514119996253,0.09055660477546558
n02093256,0.07650877580563675,0.1088883196551069,0.16635284975743433,0.1654399062493201
n01773549,0.01167133977954381,0.018589540491138905,0.05149483003415937,0.05672963056446253
n03599486,0.04825219560132904,0.04387565091137731,0.12468821928987868,0.1257431895776284
n01855672,0.039700627987511616,0.04530868264064338,0.10458940111337331,0.0906672447323616
n04254680,0.17828240551682475,0.10395944539030666,0.27773424759641296,0.22475965796636527
n02992529,0.07383392654343805,0.016720338986130585,0.19016936368437715,0.04483133040476896
n03207941,0.0570322689491827,0.0844718295827428,0.14522148731731874,0.21057301046553678
n01984695,0.020197504330704177,0.022511278282217974,0.08972162956254592,0.07528471350056601
n09835506,0.16288187062735732,0.1931547364150174,0.23004124754375718,0.26448506740303296
n03127747,0.04307759133687044,0.018288526082647538,0.1272076967143695,0.06156450482357259
n07579787,0.0230637138702332,0.02645251021139302,0.0876905803469374,0.09862002969135
n02104365,0.06733277747434709,0.060594450701537426,0.15246448598990983,0.15210084882700475
n02088094,0.06217385028985037,0.060781716658893856,0.12559856584129886,0.06809950528903798
n02108422,0.12210432673670346,0.1673477294780787,0.21959529086805687,0.2605090102741998
n02514041,0.06803234630819696,0.07552992457931396,0.14674903254551125,0.15256538431321037
n03814906,0.08006172536492327,0.049781968397376204,0.21053100800128596,0.17372940505296014
n07711569,0.02498065342290428,0.034971775448258885,0.08292879660552313,0.12193314553314516
n01873310,0.020432050156950234,0.024422714106185593,0.083338082677297,0.1261699774939349
n02974003,0.01205222972105359,0.008326190969658,0.05317151653212836,0.01720722822651627
n02017213,0.049448078529367195,0.03148171594060841,0.1249585153402564,0.06201857901765164
n03947888,0.006506912741499704,0.004101390366831765,0.03925034253288153,0.006784405606297059
n04423845,0.03337552079413094,0.09424694400287109,0.12010455488694868,0.1967824885267811
n06359193,0.019872665153309422,0.020113233226197735,0.04351464733748609,0.025591572316295063
n06596364,0.1337151677648495,0.06383084697895355,0.20214541073187875,0.1176677114517516
n02281787,0.015814900473781573,0.03694090256701202,0.060694903302333625,0.1635501901465065
n02930766,0.017902071386446387,0.03121079673837812,0.06489570939442232,0.10942339529738526
n03534580,0.16105671757819948,0.13568335438161738,0.2523508685349728,0.23502113061917496
n02100236,0.03542839327866561,0.03754398722328915,0.10479408376280305,0.07992667267015258
n04209133,0.13021581212955194,0.15246006022489383,0.23724155614169296,0.26908703888468016
n02092002,0.03580088858813542,0.028421194121365262,0.09770742955049387,0.056639501243135056
n03843555,0.009338783206336347,0.0201994592647128,0.048969327971736996,0.06027720170252887
n04409515,0.05798818582259078,0.07377479826895353,0.15927871894699142,0.17942331133875344
n01498041,0.05624340143415019,0.04568651702145587,0.1586252883655545,0.1163551710049733
n01740131,0.04868515522726972,0.06642833903722249,0.1540879711423871,0.18446222314320296
n03062245,0.028175377944094422,0.038379516550371875,0.11065077153129085,0.13455759803624037
n04179913,0.04728756836170352,0.044336963632740665,0.12415768295526351,0.07878803423301237
n02093859,0.026571367892589202,0.01976141237465072,0.0802981135744014,0.0333526581841102
n02606052,0.009921404165507826,0.03283498031882118,0.04582749156778727,0.08657728804678204
n04350905,0.07591912053520618,0.16173499478210943,0.15972024427789874,0.29976810954279004
n02086079,0.05232404108027023,0.0472060065079495,0.13107642540856346,0.09069358561906765
n04458633,0.0386407412237102,0.024058305468133766,0.0919071641843925,0.044166847493803764
n02417914,0.01825209380086675,0.040173785146107546,0.06350084105401675,0.13753449689714986
n03776460,0.0051405622785094356,0.019146544916320635,0.03549156635318411,0.10341472752080415
n02013706,0.009314656232574346,0.024014764600578928,0.036797836331448154,0.09749009942159992
n01697457,0.012201502182289145,0.019695846284485015,0.0439110978830157,0.05444385632768149
n01692333,0.014213455878533326,0.023111867554616763,0.05946879707381452,0.07156069328531892
n02095570,0.02966460201500555,0.03716180664461717,0.10209700795103394,0.11640773722589841
n01667778,0.028525470557866688,0.004201051519567045,0.11241406890420798,0.007265782325564952
n04067472,0.05351743708067132,0.079658085197525,0.1518277991095,0.17344434519865715
n13037406,0.0257327155766125,0.014192934442226033,0.08889220188600397,0.03800089021489977
n03630383,0.08516834744410781,0.11416253836210671,0.1656704736777791,0.196863180221997
n03196217,0.018703366596124423,0.011487237063506654,0.07071103467121198,0.020412652441753137
n07760859,0.03185006664637636,0.013823724825564314,0.09827712269382348,0.037242729008226005
n03179701,0.04091715439566067,0.03733239579887595,0.11479282063974962,0.09386462335275196
n03935335,0.0983274214453582,0.11889552442817149,0.2009278863237196,0.22529668342230819
n03908618,0.02217936464918875,0.03232737058651765,0.071287426560726,0.09293004531563749
n03785016,0.04633104316432473,0.07714811673376971,0.11315695534611046,0.1826444694258816
n01693334,0.046457922264771086,0.03291688997903975,0.12590392406829154,0.12032512490690525
n07693725,0.053619311264581464,0.041880899967418374,0.1533995316524616,0.12938671737604787
n03530642,0.025510307629666242,0.03406880532224818,0.08639159291439398,0.1243288778499217
n02328150,0.05932951325716361,0.11886466061983811,0.14932965454258215,0.23922834729652173
n02092339,0.13584951011210444,0.162741667745795,0.22733348527570194,0.237303410199694
n03485407,0.022693657408576276,0.0689326616087309,0.09752924356010174,0.18201110337302578
n04004767,0.02240670621334058,0.02541666574796132,0.08045213281644419,0.07796033436270883
n02109961,0.047608637513972416,0.066223846179455,0.12386734409973801,0.13688233397833133
n01735189,0.04061602585720337,0.058920110792241756,0.1411859842718729,0.1981187701564174
n02437312,0.06577346575586637,0.1156750459239629,0.13611765094685682,0.18403143602746852
n02129165,0.024583890384553688,0.0067882916342705355,0.07471975342204663,0.012686958612144568
n04153751,0.02635793428818996,0.0015935685800110377,0.09956634997385595,0.0031222857642430706
n03884397,0.05897780376303186,0.04500474393036434,0.15098733801286476,0.10433829162668419
n02056570,0.14209393558361316,0.1344468598151434,0.24052110407242913,0.2508988114078469
n02480495,0.047907471552015427,0.019057194429578886,0.10294521892786705,0.030054514581654805
n02128385,0.00787757887511489,0.003682644373678201,0.045190709556408436,0.010328456962611171
n07875152,0.013888432415379145,0.020642079946793502,0.057617514138584576,0.07585787403169901
n04069434,0.03284373359025344,0.07164483817937593,0.113976575437099,0.17959848186954983
n02655020,0.011653274114456462,0.03055157792986165,0.058970808352820876,0.1258137886752352
n02442845,0.01808548370297555,0.012048021731316113,0.07533430063176233,0.03394596302634182
n04286575,0.01875414475537117,0.039221175513106346,0.08126114593321454,0.12045201056881782
n03950228,0.04422661831497252,0.057974869070624206,0.13495472212606144,0.17549097643463596
n03692522,0.05408020842129489,0.09471624667280139,0.1665449712323144,0.21939871800731695
n01860187,0.021963578884240966,0.009202047199942172,0.07335108325988819,0.01633423901503668
n02219486,0.0416324028064318,0.0677799443258084,0.12075936038268197,0.19541413812384284
n01592084,0.07763696716523966,0.03693982445729489,0.17631458836346056,0.06564495428996307
n02939185,0.042131368895429545,0.07830541155286483,0.12302852188393526,0.18674424776238321
n02361337,0.008993291396947361,0.015036338355293992,0.03570271910417875,0.04873015124201277
n13040303,0.02021717024873889,0.039471508510307556,0.07259810638115952,0.126300930925916
n03661043,0.05072161647963001,0.03270972165788408,0.12461269993366882,0.055264486187834354
n09468604,0.007653634889861886,0.004539804135010855,0.04050481396852949,0.006825164133823736
n02051845,0.04494575532230312,0.045885955389003356,0.11584325060294563,0.11586443679629878
n04370456,0.08350251438020008,0.12983480543769474,0.17797100693652326,0.19999992613634984
n02415577,0.02557256790640117,0.03551682968318005,0.08240395861049336,0.07561801088864475
n03459775,0.02483142477737161,0.020000939219207793,0.09069682944983093,0.0526670902502438
n01687978,0.030046241148951443,0.019717293375410918,0.09437990543487028,0.048762574069196964
n03804744,0.03955183723091014,0.03763357274377995,0.1339923361040679,0.13224287940997922
n01514859,0.01799004693488629,0.024790573072823462,0.0662589789031088,0.09462653068579399
n03742115,0.021311317073988166,0.026906521815532186,0.07324661711559056,0.08758492920401778
n02099712,0.06817422361536078,0.07763503889595995,0.1599744663484701,0.14234082163635983
n02027492,0.02888628865717636,0.05064800228816239,0.11828029502461097,0.1787907232564695
n03775071,0.07904552744941666,0.08112151746422364,0.177212161986803,0.15925086388116472
n03544143,0.0814315925816916,0.030257690411876502,0.1932079562570893,0.10747993362356985
n03873416,0.13107524647745392,0.06224835115441238,0.23567194358295726,0.16326385719346426
n01704323,0.04043509360185808,0.06828646426514752,0.10996587024947765,0.16091863199556206
n04355933,0.16541666327739554,0.13866793318861256,0.2774778585769336,0.2422013084679775
n01843383,0.08284093955362612,0.11210976149028283,0.16333623386324955,0.17941125148397868
n02280649,0.035953412025518404,0.025762318897955085,0.11169950509237728,0.04874682963542918
n02699494,0.01126421576829544,0.008824812403036049,0.03494033851101679,0.01054515408884401
n02231487,0.09275058983434296,0.06195494319537829,0.2080516836079701,0.1394217038501467
n03127925,0.02424476305346126,0.036897070564683644,0.09255499051613147,0.07494996260592503
n02951585,0.0349073984084587,0.019745384520911725,0.12423115726572669,0.05800927500285589
n03598930,0.07501169006909106,0.05092293419078487,0.1671252218524943,0.10982198272940516
n03297495,0.02035853435466698,0.0017546312167488675,0.08345296159934308,0.0037430972850924582
n04041544,0.011295598533360169,0.010220096585871943,0.05510722133316563,0.026439733053790188
n04328186,0.023721169192808575,0.036746540227479925,0.09426797914582094,0.13086326616370744
n01737021,0.020080345830365855,0.009354946357991594,0.08247381819522846,0.015857698241684128
n03141823,0.1377126846210201,0.04894751828494009,0.24038705367588853,0.09890498574331077
n03018349,0.018230704359704458,0.015144027746169969,0.05539179058708174,0.029505177629651207
n02107908,0.06984949773686247,0.08888010329348617,0.14547496700705354,0.20044634056067764
n04154565,0.05596545668092172,0.09702598974537523,0.14982870996283673,0.19352975472102216
n04146614,0.019146080514135643,0.02044564544899913,0.06797799336187577,0.06443118188408327
n01945685,0.05758391415515042,0.07127700779579754,0.15041945409722218,0.16524162491714472
n02099849,0.09040307895425136,0.14190538120972632,0.17552477449342913,0.2305575291070584
n02787622,0.10164706005715468,0.15500966970066657,0.1960223303394925,0.22294885994291933
n02108551,0.04102663101684683,0.03308551695856295,0.10516381639450333,0.06426196618939366
n04525038,0.09815159274357066,0.06686597603492488,0.20027092847047567,0.15742439566458322
n02640242,0.045267395656607944,0.032794707527591525,0.11526609657469243,0.07334573047621236
n04090263,0.07448378734167119,0.06110130225454668,0.1782879580726614,0.1393034901421799
n01695060,0.01966672359214674,0.03361684719993718,0.05164016294311993,0.08949808563978197
n01981276,0.03437237590579959,0.03620353339368194,0.0960078509675274,0.11226145112695747
n03924679,0.02440078518764861,0.014387628492858582,0.08814803337730219,0.024278010741642205
n03485794,0.03879606371385642,0.041271073771458756,0.11472601951637557,0.11647960080792032
n02667093,0.05778673102594349,0.07270792184815945,0.12223034444600603,0.10637455654950198
n03976657,0.1080113090313694,0.06693393237535133,0.24841451400243741,0.21500535850830954
n01917289,0.01159735704219359,0.008907282774562191,0.05463013970328403,0.01126491792293389
n03223299,0.024067608411651443,0.04397389541605037,0.09245235970409409,0.15247688021836187
n03527444,0.057999898753946254,0.0739715800191334,0.14175323704454243,0.16294183777354468
n04604644,0.0159319290298397,0.010091194104195438,0.06840301991761871,0.019029258635076384
n03983396,0.035489219710470324,0.04123242147976271,0.09932763415504113,0.1357430474734838
n07697537,0.08990189826311498,0.1117568919698806,0.18190105155951553,0.20814453070510344
n02481823,0.03618768279224681,0.019978982059747068,0.0981296002659016,0.07918913995633735
n03016953,0.005095371939400321,0.026521369500738103,0.033489179172643664,0.09816338687978333
n03891251,0.04584420392497755,0.08187327607280168,0.1366423800618378,0.1850632932096547
n02747177,0.022095329782456787,0.038208202566584075,0.07635321182964482,0.08904446974521374
n03982430,0.054410259458467204,0.07811719840984097,0.1488933975103112,0.19695548868106783
n04317175,0.11296515956535912,0.15907081202823292,0.223399038347561,0.250577917843305
n02892767,0.6102334065168428,0.5251280380235311,0.41427369947410336,0.4029574952162808
n04482393,0.0763706131682671,0.09549894224455784,0.17449456286853238,0.18859693170903732
n07684084,0.05471381155236967,0.0862395176001155,0.1410454654992656,0.20551918086889334
n03777754,0.015937660678494087,0.02870482118553639,0.07034902102105814,0.0942345322079871
n02790996,0.16547408668014324,0.11779935276405638,0.24933688159290188,0.21534989753323505
n03938244,0.041412058436627285,0.047978185058351525,0.10864407487973349,0.1424958117314227
n02978881,0.013800171645772559,0.028128762881312924,0.06687984556149712,0.08205573148204852
n03075370,0.02900435704862968,0.03557984879072316,0.11817772686378175,0.13873370071803745
n04357314,0.18604687146828722,0.18603144432159752,0.3231666012307366,0.311386110242664
n02389026,0.1834456143407525,0.33232261472316166,0.25956678879477807,0.3256793304073246
n02113023,0.07961111592508825,0.08432227687020713,0.1725199654163128,0.19700665299513112
n03160309,0.009067154434291813,0.014625088433822384,0.054866919570341136,0.06798131626896839
n02110185,0.06361274420647349,0.0988634476130028,0.14873932118243405,0.2131223740358463
n03720891,0.1079590629004973,0.053416443701048345,0.20648499234955514,0.14953224301257828
n02088466,0.11740621030313204,0.1588082174102601,0.20493632270605078,0.24792189522220348
n03602883,0.041157442711912136,0.04107092609462701,0.11974935208024133,0.11544031001603663
n03355925,0.01100098923428324,0.00965794583450588,0.04434130519196721,0.02597611192728697
n04296562,0.05751989565293893,0.03624411984070321,0.1381846191782463,0.12311502543147476
n09421951,0.058577702281300374,0.024005257913413517,0.17502170646835716,0.10721843435936344
n02860847,0.03901090933318475,0.020878168674994414,0.0990667686091495,0.05599422265832062
n04346328,0.00984922110433131,0.006510497299141207,0.049758487806209645,0.015567486084861458
n02504458,0.05168563790522547,0.05421798736519122,0.11249125674191131,0.13396202634843463
n03443371,0.037603157126272095,0.0587022843462637,0.11373999562724647,0.1672616111056371
n04548280,0.011714465796828668,0.008079575822011974,0.05415812067678184,0.025745478631333838
n02672831,0.07443262611452127,0.07424566402421988,0.1624118824693925,0.14961697603688545
n04562935,0.02322950188095749,0.022189831532305106,0.07566456270998052,0.06592068411333804
n01924916,0.03198788635796734,0.05402418794908954,0.11657819385057075,0.1447084976126915
n01978455,0.030556345009320137,0.017754820333402678,0.10886383705484547,0.046691821273737846
n04040759,0.04098273049995679,0.01545285698272636,0.1324698253800257,0.044783117293500915
n03791053,0.07042909458882127,0.05905693473803694,0.1497746797008809,0.08161890114285075
n03345487,0.012642150897708747,0.016869433755291537,0.04401523829035039,0.06308101341395461
n02093647,0.03985909104515162,0.05746441149714883,0.11933691107187995,0.16571019633650527
n01667114,0.021185254606642254,0.032296701964989086,0.08504439249172796,0.13379856714940144
n01833805,0.07249213817824153,0.07358805238887726,0.16974105117920477,0.20127628850820128
n02119789,0.017421509438726116,0.02440828488687657,0.05075428388378921,0.0540810525918583
n03710637,0.8019758310514976,0.8669827302866042,0.3062349123126105,0.23283011819261404
n01797886,0.012401679700605519,0.005759053365941327,0.046055400964485425,0.014860566604915674
n02676566,0.10933377562285046,0.14850713640626054,0.20429411916252452,0.2440646117246485
n02085620,0.10002002640768162,0.08672508614687104,0.18914540391712514,0.18205433557874096
n02134084,0.020504289842651513,0.02818276267025226,0.07347232915556283,0.1165203353248317
n03444034,0.03753269262234516,0.035676582379201134,0.08832646582769499,0.06516971357194676
n02123394,0.038876806388841334,0.023506039911867446,0.11788200455007411,0.07482296940530862
n03781244,0.006736567284552616,0.00825982861416378,0.02822318445442721,0.032190869105276826
n07932039,0.04603243787189544,0.08390208080347066,0.13395568886587542,0.17103076670331271
n04579145,0.004994050368861058,0.01910464006776689,0.030485676515375964,0.10311280357808406
n01753488,0.010498878645027653,0.0188080689344315,0.045675817643584665,0.07005854055046479
n02840245,0.01316566951270666,0.005726868667696561,0.057068806184024656,0.00991460904813222
n02097658,0.04367868681484704,0.07494883466635656,0.1219843514870184,0.1737312176939162
n02100583,0.2174552732308172,0.11892902960957144,0.28290920578075085,0.16606391053928207
n04208210,0.03998302711156017,0.0494051153014334,0.11110230939195118,0.12955603668990742
n09193705,0.010515638397015437,0.00561466075675753,0.05695618307007747,0.011364042666760782
n02091244,0.12885420009409157,0.18668572033589953,0.2179176684952005,0.26233076788653736
n03481172,0.06976524886930542,0.0677481848365909,0.16814580844661067,0.14189405317028098
n03496892,0.015336394356764257,0.012024339588226667,0.052577763705317256,0.031071187473163023
n04277352,0.10096099967020727,0.09882261672708409,0.1933393683827173,0.18921756373557816
n03637318,0.06490469755938552,0.04417828194542835,0.16173182270489123,0.08971011468362133
n12144580,0.06640707553103008,0.06187066468182877,0.16114219576713154,0.1432704295060698
n01751748,0.012749465479631078,0.018544874526996866,0.06291868316215043,0.0937207393569407
n02089078,0.06610596830717098,0.1105067274011526,0.14875776602392482,0.22767917808476912
n13054560,0.052807838799029415,0.02025493502248423,0.1440869268816957,0.06000631552793718
n04435653,0.04960795450780711,0.02299593230927712,0.13627875748733345,0.06081240596265181
n03538406,0.04703651024875827,0.031974575909644046,0.13177448724440446,0.08752251207868356
n02687172,0.008666819488821646,0.003281429034595931,0.045829345067010016,0.008242973722969399
n03666591,0.09811682535255838,0.0734637139564984,0.21260016114781047,0.17897759291263912
n02268853,0.04531026878821295,0.05665274011420479,0.12244345952595014,0.12524778221655533
n03759954,0.09905993420116427,0.11642804561687627,0.20092635642313939,0.19907491985627848
n03770439,0.6194250639773964,0.5408866261522053,0.35423142945288594,0.33366507708213045
n01774384,0.027151100352176397,0.008922857601428405,0.08619589325064815,0.019073095338923658
n02443484,0.07116094558357486,0.09752957525151032,0.17100355215839813,0.19945894434297326
n01580077,0.07479095893907872,0.04466487415753363,0.15887447246728623,0.09180031901645329
n07614500,0.04864609947397532,0.02011283190137874,0.13105104912871532,0.04093511210432372
n02484975,0.043530421720889084,0.080630763981153,0.10326611381913367,0.16366199729922443
n02097130,0.039767858071477265,0.0488069773391635,0.1081411604177049,0.12753057222753772
n04074963,0.05849950587721974,0.030408125461920007,0.16523492495298792,0.11082127299156137
n02493793,0.04352822436409063,0.03647759254873563,0.09991520390560714,0.08148838140175194
n03495258,0.09932751194299858,0.09504269199187547,0.1893680042203598,0.1614222980566805
n02808304,0.16231674931016504,0.1159461289794308,0.2649937324890706,0.252686668229191
n03676483,0.16159223298554448,0.10641794478056113,0.2784340947263513,0.20882276222005708
n02486410,0.037032430837360575,0.020761922125584534,0.09182365870869282,0.04029082488003276
n07768694,0.05269441949022544,0.04590543401204741,0.13416005051538973,0.09487738172421192
n03125729,0.054976361300621106,0.05576204084300116,0.1476077217286178,0.11429166961618469
n01739381,0.049072925497951704,0.02649878637409529,0.13463742327269082,0.065489260932752
n02097298,0.04659236469848946,0.053175411454649296,0.12403223630689136,0.13057452525062038
n02486261,0.026156668240781538,0.028721103808068166,0.08153846138996904,0.09974722113572393
n03876231,0.09103810718792367,0.06785616686935782,0.1980618070519168,0.14725991551551718
n02883205,0.09773086746333881,0.0774391379273311,0.20128089097900473,0.1505961841336601
n02445715,0.04091787634794089,0.07414545730255667,0.12287575892790595,0.18136864337500253
n02093991,0.08177708002717816,0.03145812904282139,0.17539037520658232,0.06745124068364278
n02814860,0.008821242208398741,0.0065816332898975816,0.0398957085248644,0.011098766424711939
n03259280,0.046128241473474024,0.07715374451411662,0.1300276293498047,0.1757678202930136
n02097209,0.03739336998788805,0.03434878616120841,0.10914298937154517,0.08067199680481144
n02749479,0.050130481987983325,0.03241145929878257,0.13039144470757486,0.07619438652043736
n02108089,0.14534230519033506,0.17221670997889305,0.23807172281677566,0.243563969184763
n02397096,0.022272034474379483,0.019996130148010705,0.06697034073167304,0.04265435628121682
n02120079,0.012651458445085174,0.007080897037449177,0.05344680775585589,0.024963669001494056
n03208938,0.023017303671068422,0.034094950894491376,0.0806324697196324,0.09679851377903638
n07836838,0.040066659312103126,0.036345314577636144,0.12374125726679876,0.10848024609947454
n03761084,0.015532473840851121,0.06044965188341621,0.05733696205683696,0.1877183476689755
n02356798,0.013013266580011892,0.011899580706613051,0.06289705226048185,0.024138496393515656
n01749939,0.038364786290501635,0.059605755973352645,0.11037989803164226,0.14740150051958806
n02965783,0.027700766363854646,0.015729899669472615,0.10446411335242571,0.06995222015651062
n01774750,0.05671452556096328,0.027725754260641226,0.16555333095093233,0.06905712438571736
n07831146,0.022941751422603136,0.023256386830814504,0.06975777135336086,0.07176060111013467
n03866082,0.15439170813536246,0.06640863455202634,0.2447195235159991,0.1372519759900813
n03450230,0.3745467428391122,0.275563987145797,0.3359600051730765,0.29382023971210475
n03026506,0.056860056948678905,0.06027562475330342,0.1253461845014314,0.13723977378533445
n07613480,0.02569874419207847,0.03275501364379124,0.08826779464467739,0.0782081438519655
n02113978,0.1667423184125712,0.2793592107324002,0.2534791716310158,0.2881959006724195
n07716358,0.09760455853218654,0.09390038225094031,0.19598816150050216,0.1541257698140509
n07734744,0.04318020121553771,0.030940870895319675,0.12622225895271094,0.1073635755460152
n02090721,0.04111607568884125,0.051160726428561246,0.1123902964193849,0.11220877443697698
n02817516,0.052780004730868905,0.08204870953712089,0.13445057757241222,0.13874453968735195
n02927161,0.06429220931865075,0.06780542979962774,0.1462528784441201,0.12897515968706383
n02948072,0.055973388482449746,0.05323852852709934,0.13909191303917634,0.10268027158481896
n03803284,0.044567130065616745,0.058811037477680655,0.13185743051761473,0.1532427915928392
n12620546,0.04432550758932108,0.04656349571039755,0.10997312086284809,0.12326506813304731
n07802026,0.029658889193484878,0.06357166211755612,0.12740984511422682,0.1950622306388581
n02006656,0.027967946701640427,0.02358696339822927,0.09580507658099828,0.06786861745170265
n03028079,0.007737622986425625,0.01744110983923065,0.031169902967939235,0.04106103470284735
n03594734,0.14315452407930043,0.1336613520624451,0.23941981300886447,0.2309906609208579
n01644373,0.03567380201991187,0.04579199551948477,0.10685704910407165,0.1391294974721606
n04443257,0.032399538679504375,0.010930684528393613,0.10374541945963454,0.012197373162211141
n02607072,0.06239250879161231,0.07901952289797919,0.13590232197180513,0.18551560787013588
n01807496,0.01670723670636644,0.03558893942841678,0.05764312895131449,0.10970961050853534
n04311004,0.006883207053508222,0.007340859300438751,0.04217369782665869,0.029465481563473655
n03967562,0.02856065847817184,0.05415704320948862,0.09246668485811088,0.17069047593810036
n02168699,0.04391936882772298,0.07035277342234622,0.1385848881564647,0.20619406412458138
n01756291,0.01049576702986511,0.008959240498734289,0.05198095958988817,0.01852620429004336
n02107312,0.11996463764020422,0.07831437130563244,0.20122037001435436,0.138087126305302
n03916031,0.04659543243824002,0.005040565918402224,0.13523767078741308,0.011727519045034494
n02071294,0.045948202450664034,0.039517480368085674,0.1252747545189142,0.10023407377183288
n03379051,0.12043248777930325,0.1210057380872422,0.22554776073722457,0.20841006553383104
n03250847,0.1500971848243024,0.18228943360360972,0.23978577339129284,0.30497184549648526
n02108915,0.09510090283581282,0.10345892167562852,0.1862082433307384,0.18451607862380484
n03134739,0.14913144036430928,0.1658793984861677,0.2499342622667377,0.2611447543577256
n04229816,0.05104772374558762,0.07939456017845259,0.12666576749660594,0.15820130266776042
n02666196,0.06845161863418142,0.03498533672969046,0.1655822875947275,0.10995302488551549
n01798484,0.008191334820480236,0.003610829269453006,0.03496051739425604,0.006286651593447296
n11939491,0.017282075678871717,0.017490504308290154,0.07007372447864509,0.05038831532997794
n03874599,0.03912156105844163,0.020950169276887608,0.11070890911240544,0.0537146133990561
n03937543,0.06994391334044699,0.06588605679586208,0.17278680252342485,0.1534598388884678
n03584829,0.05244376723944556,0.047331156727599105,0.14485105684297006,0.16458810847209215
n03956157,0.01526122530732839,0.013561953257099049,0.07595809266736038,0.0680136726882179
n03400231,0.03403473377934468,0.023526781384639435,0.11496049962121548,0.07348389587186294
n01514668,0.024335160621898142,0.04589834025988239,0.08390432796499861,0.1489191443277057
n03594945,0.0132899218786675,0.003705259740836482,0.07081591128531942,0.005512376870767297
n02980441,0.0035855938154683614,0.0030733002466638484,0.031456084507829024,0.007175867589951335
n02087394,0.1994594492154313,0.22888442203686282,0.2708663462891752,0.2677265579312404
n04596742,0.05763456859958713,0.05838389064472722,0.14943743743473475,0.12039395911024464
n01943899,0.08418609403189435,0.11142447054904552,0.19992867455492663,0.22448378874175717
n02165456,0.03495667368749117,0.025811509587801994,0.11155974857124117,0.11502193781812751
n02264363,0.02817710912231101,0.018057617980779667,0.10198486552679129,0.04886872954258028
n03388183,0.03104863869175579,0.03344023808964117,0.10840940010657955,0.12567084884047314
n02708093,0.012454027089527869,0.018307712181608017,0.05784546934758636,0.07456428777570931
n02002556,0.015878293352747576,0.027673988016922522,0.04806962955012258,0.09031019441151036
n02444819,0.015047684160933677,0.007295738760878976,0.06393117866767929,0.018669025265545702
n07753275,0.050800710656639145,0.04701808642075662,0.13429630486239266,0.11074852156775769
n02794156,0.005340426989175466,0.004720544560746447,0.024418083606185224,0.008013006043297985
n02096585,0.09555238840519255,0.09382106344206477,0.17957828720922372,0.19278544619237595
n04540053,0.40775351207586297,0.5585321751997935,0.3869183907924266,0.3784682009523804
n03854065,0.022138711645280387,0.02140843399167352,0.07511996973630046,0.05465168655193163
n04141327,0.017639152246498185,0.015340173463402636,0.07271300873123429,0.03165841197281731
n03045698,0.06853748252644765,0.07793732288271712,0.14543626201059123,0.14148704750102115
n02066245,0.00885920189513167,0.004183892866540191,0.04804817429339013,0.012123379964697832
n02113712,0.04979887413795185,0.05358240022440441,0.1416353391059745,0.14535241207320987
n03773504,0.03630013322440736,0.05628462311005933,0.10927391190699696,0.13409271409507462
n02112350,0.03837252919769811,0.008052319252237794,0.11095546441826852,0.013054180552559622
n02910353,0.04082304665066414,0.046006914007961086,0.1255626092771769,0.1482040039069981
n02104029,0.028713220530385164,0.04304488769654654,0.09714389463647717,0.09820233013600481
n02093754,0.06431002051226443,0.06927118873570294,0.14189097292074154,0.13180029746527333
n04606251,0.00992116761934649,0.009122199468047256,0.05972331038083214,0.03688316590213789
n02077923,0.0936355079620671,0.17877598334731828,0.1992191376550549,0.29287801074648767
n03461385,0.055685554394301215,0.06910872344800736,0.1275615185434819,0.17262440151918176
n02097474,0.019536732620343385,0.021819048698816915,0.06487285386712051,0.05816760573633043
n03930313,0.017637498360977062,0.025262784933274815,0.07241651864707986,0.10537442097318128
n04560804,0.05319055915105716,0.07140594446685554,0.15007360545578438,0.18638049081221647
n02480855,0.04877317073473964,0.027198051647092145,0.11389477513601563,0.05699450216803178
n03841143,0.005840113137846511,0.0056221994382326555,0.015604424170985913,0.013937989186035888
n03961711,0.015507159065070891,0.04505273288576746,0.06637861117238665,0.11006982638481884
n02113624,0.052720169511679495,0.08701094988315618,0.1409106509252379,0.19225599427320936
n04149813,0.01661720412953741,0.013172785085409942,0.054933235541257446,0.0291534485644805
n04579432,0.05364722309503699,0.00591696708561214,0.16910861813530584,0.01951846020257351
n06794110,0.013186663386976643,0.0130988196758517,0.03428724729282969,0.029022254689238473
n03109150,0.03772178539539567,0.016385781475992074,0.12190396894556961,0.048633154983832826
n01776313,0.055374463210768735,0.030563316328373277,0.17038022018593202,0.112178893482724
n02483362,0.031616888877721065,0.015391581863568718,0.09314321323045709,0.055903640495097814
n02791270,0.0871995306071356,0.02655424852815486,0.1945120641835726,0.05225881416228933
n04023962,0.12670695765302148,0.12855709433937484,0.21943405902930546,0.18140933256508857
n02100877,0.06539856260599405,0.0922691631093403,0.13759068322289347,0.1487097301336219
n02795169,0.04664730030216993,0.08339452934565726,0.12352751391884409,0.19422851287063267
n03729826,0.08364787829560698,0.10147335368188579,0.18804144460013886,0.23299269138949616
n04204238,0.028464807928528995,0.03597143835238125,0.10330655027765266,0.10683761299095669
n03977966,0.0073366722884418735,0.006477247558136696,0.03779852177353484,0.018956856247503186
n03478589,0.020199602298889032,0.011379222500034985,0.07773300966678237,0.020200421506584198
n04070727,0.03807769838599166,0.014274011791799239,0.11597388725560868,0.03360622994878284
n03868863,0.13967005820868594,0.12364870982427732,0.24429824867660782,0.24255862283909654
n04019541,0.01858338275649706,0.048728915336787394,0.05865183429695887,0.13842520283074514
n03014705,0.016975492965110035,0.029292870450909732,0.07260816775809989,0.08068402693606669
n02116738,0.014753012565541632,0.012666954599553719,0.04367435945501057,0.04028802021198665
n02105641,0.03692635400799165,0.02982889029613034,0.1140987900475631,0.06589965810218897
n03388043,0.02508701381556792,0.02685252988964521,0.10577256190452154,0.12194540599925263
n03110669,0.07378951479801547,0.10639442997210607,0.16669727940471565,0.2052219393778785
n03424325,0.11483137779193599,0.09139216798347662,0.21656238338587058,0.16669704088622175
n04228054,0.023305927640723145,0.014089263274127007,0.07199046329318433,0.029779543192309948
n02730930,0.10131981311127172,0.10762747392389428,0.19027174653778106,0.1988845909887577
n01608432,0.008661863776722968,0.0169427028627797,0.029762367429831554,0.057318130306612425
n02492035,0.031187361335574818,0.01575545287636487,0.08835928692595314,0.026487874031881017
n02133161,0.015411361526563474,0.006722425368759559,0.059693716533713276,0.017367036909491512
n04487394,0.0762690914355483,0.061762450447513405,0.16940901518007312,0.10585093206158899
n02977058,0.03683762792955496,0.028552784741841607,0.10746828227123809,0.06908520647593214
n04049303,0.04561153036231341,0.09923431150513352,0.12806006740081008,0.2366541207511175
n02256656,0.04635084214945363,0.05764118922765192,0.15221996525062,0.16853660870051365
n02177972,0.04561149647507417,0.022642911024886418,0.1374717489993921,0.03801403327591753
n03388549,0.028452825344493272,0.022061633784054634,0.08304993531765868,0.04423684810345085
n07615774,0.2727714333312219,0.18713605169998118,0.3251471491517237,0.27271595378841823
n04265275,0.02278063853562951,0.041589215219566995,0.08662127005633553,0.0972434500797291
n04125021,0.010567682109769671,0.003396375032905041,0.052232774176543574,0.007418686655564486
n04552348,0.020193759599239823,0.02920792273996085,0.05834801030214485,0.0858747032684474
n03535780,0.15818466838635506,0.18414914719687658,0.240382103505315,0.26076904870714906
n04592741,0.016862863002549074,0.022455892423295154,0.06914491185284538,0.06358565049730114
n02111129,0.052421429897404434,0.09565154361109307,0.10601846190348863,0.110273466788013
n02643566,0.006060347562480676,0.0028161421336972124,0.03375062508213833,0.0037434778616573295
n02114548,0.010436970950831632,0.022238131041202678,0.04790994687748203,0.08012292143406145
n02105056,0.04160737134992833,0.03885219181935099,0.11049693613345571,0.09244468387177494
n02259212,0.022150554442700008,0.008612015433042188,0.08722825532892772,0.0354917850306708
n03786901,0.07987195525921906,0.058199350638281404,0.19120956833741815,0.14169231350191094
n02510455,0.022469292705692555,0.013803786457183378,0.07938278349885498,0.039978614346003895
n01728920,0.12429037489305804,0.23254524027724074,0.2502058851180073,0.29025868638583263
n07860988,0.12265995614374293,0.100880555703759,0.22394391003104958,0.18752041931063695
n02101556,0.025057360865145602,0.013379032416844438,0.08749980877912704,0.04252096472108385
n02106550,0.06937679150845213,0.09030049727662118,0.1496625520735926,0.1462763307595682
n03691459,0.012102625964391236,0.02509498366012063,0.05803909027272407,0.105760589498381
n02033041,0.005033012713651487,0.003056427319907016,0.02990178933596453,0.006123547602451841
n03417042,0.009827547451041885,0.00341611740418557,0.04865088279665959,0.0037153197051908293
n04347754,0.01182500726119468,0.015422962072316295,0.0475652154333359,0.0566437815471692
n03930630,0.011860053519152602,0.02626804648321922,0.03557271763004713,0.0696795307701632
n02871525,0.03747590685299669,0.03971577259122569,0.10113446556773702,0.0980120686362274
n06874185,0.023122193625603922,0.04140101746895198,0.07597553937327563,0.14285915664426607
n04251144,0.1288402165327412,0.18903211365872266,0.24340483380157568,0.3058870886948796
n03337140,0.01911734597379826,0.011734375845986734,0.06501483568770056,0.01740596498849834
n03000684,0.06162213020198624,0.04313949010496799,0.14333193299101632,0.07449941164989834
n01796340,0.00860987730697957,0.016440858161085998,0.04250824364318298,0.05415636091809224
n03888605,0.1678614781114494,0.13389645194413982,0.2604997471265379,0.20421145440953117
n04380533,0.03654578414478611,0.034602969177956314,0.11091568467718088,0.08666179508394538
n04476259,0.030674356950035325,0.010106128265956613,0.11484685384245466,0.018620088687921692
n02422106,0.03568346627183696,0.051020783824278625,0.09962060621183788,0.13645096196094503
n02859443,0.0049444300928770425,0.007395480354643951,0.02564569473308278,0.014868868779598055
n03929660,0.06013598427533123,0.10375210320991073,0.166072869102093,0.2311669897715833
n02115641,0.0718402655623047,0.12198780097591225,0.15748035812067646,0.24037541331800744
n02398521,0.04981849846852312,0.03919143155125312,0.12277794981369432,0.09782080460955157
n02281406,0.03672841465800255,0.053873776634445675,0.10821445159814584,0.10771618469065117
n02110958,0.07114106040219727,0.13057132477032155,0.15635264403945004,0.24832263320373246
n04141076,0.07189789388305728,0.06327264629552701,0.1520506608606787,0.11703120787741413
n02437616,0.03490860155547881,0.044242588802480894,0.09290483269259195,0.13463101993544127
n02783161,0.03969125488363603,0.03863378872143471,0.1307271000294978,0.13876314858307826
n03770679,0.014081959471371289,0.018693333897563207,0.0725597449241421,0.048617481268452556
n03903868,0.021348626057465313,0.059799448390149335,0.0820580881492772,0.16260497028330495
n04515003,0.03819526193718545,0.06298413527358349,0.119862748615927,0.17362618248025313
n03733131,0.040258287670461856,0.047091625057692,0.09951660289392408,0.10695156824476239
n03197337,0.02720906725573449,0.0405812160516291,0.11276659019326814,0.13407918629404733
n02169497,0.02404327369047127,0.030019488311468195,0.07487770797926309,0.11227193990861638
n01847000,0.05921809309966324,0.04306324277785279,0.13661376564224456,0.1279330241799966
n02028035,0.009155262276976084,0.016625498360372148,0.03981903293834218,0.05277590550867742
n03124170,0.14935412413512691,0.1503344002027916,0.24204822743280036,0.22035196235354212
n02138441,0.009457271380119203,0.005479142556641819,0.030280094818110493,0.019065177821948637
n02111500,0.03876494149950168,0.05579421824177189,0.11372855671735034,0.126445101361949
n02769748,0.051723916008479386,0.09413102754090687,0.12925447287894604,0.17619438818211453
n04200800,0.09555163913855497,0.09757487420571125,0.19121756328679693,0.19393872278343935
n04270147,0.0875492503355569,0.05408903218412831,0.1906622060673188,0.10669031931138084
n03063689,0.04810749970115776,0.04557058740110733,0.13512106590078118,0.1235972028282265
n01944390,0.038383384600544565,0.06610935376561883,0.12396674714589681,0.1935403733838995
n02226429,0.03591465434609736,0.05198342353367479,0.11153652581036379,0.14034273329769706
n02395406,0.06973660920513544,0.13046514574847606,0.16742567830759278,0.22398108553398158
n03124043,0.14007124465566123,0.16625594456540965,0.24921353631705898,0.2734821411232581
n03188531,0.32219878080798253,0.35585374574111484,0.35786339372145926,0.3344679876631423
n01698640,0.017265798110833064,0.015271203308623171,0.07415198973104417,0.0540787093486078
n02279972,0.023736156296897497,0.010943300080746211,0.07044831081907448,0.020563383947718325
n04136333,0.3457255980456757,0.3309121952996793,0.3501901324862757,0.32701704272613086
n15075141,0.08332571137473595,0.11248570165514138,0.18341948930371957,0.22487744214062125
n04111531,0.013293303456962616,0.005902580431911702,0.05555430433150522,0.011198375518268428
n02786058,0.2456454201419916,0.26861339629323994,0.3242718642162937,0.3116880806609826
n04536866,0.13324978935140874,0.12490113549738453,0.20881007271428298,0.1880889624049625
n03249569,0.08590271898058881,0.07348634279910621,0.1745608928037471,0.1679105355530273
n04133789,0.2259990751068623,0.12346572970012176,0.32990351090228526,0.2148634448130261
n01914609,0.024055974641770665,0.03203497844997401,0.08541244784574242,0.11078643548834638
n02412080,0.028482668471973775,0.020107891244697383,0.09080696419901567,0.060734969472057164
n02018207,0.021211718115494962,0.012513151615421521,0.06776131923691271,0.03434529388692575
n07714990,0.03322761479231001,0.04714368686110561,0.09982994208230538,0.13422594989101547
n04525305,0.020198347805001023,0.024198107693464407,0.07355362194422323,0.06420330993938685
n01930112,0.020752652088575654,0.04995234198393519,0.0790918929490945,0.14919619295745498
n03042490,0.023498826940580364,0.03120382117514964,0.0788989374064643,0.0544973449553778
n07871810,0.013751940115897759,0.03305536281531886,0.0632837990620619,0.12887360907809364
n04389033,0.019704016677735407,0.02110830659104977,0.07581347292932142,0.06350123000567906
n01950731,0.02632613358548177,0.012961875816481552,0.1061388276804565,0.029706846840307635
n13133613,0.07198622407196442,0.11706419321770227,0.16688418021456386,0.24292455971781074
n04553703,0.03853183518405528,0.020989561068474813,0.11324082288300272,0.054519472922226045
n04557648,0.06317243363486166,0.08176984447759651,0.1653160390119935,0.17299627212907462
n01675722,0.031612307925901396,0.10665170202650189,0.11101990548676756,0.25534655336496725
n02100735,0.036379878392232674,0.05438780271006181,0.10933550995854133,0.19102556006501803
n02815834,0.018989067841650758,0.0437907920045538,0.08353899673012594,0.10795275510942177
n07717410,0.061706607731154786,0.09111054607126562,0.1584016198302104,0.19244200589923496
n01631663,0.051823929909547074,0.06191540561025704,0.15779652961992796,0.15559119495131804
n02096437,0.011055546227763611,0.02046250965804802,0.046450482243563525,0.06607968082060717
n03065424,0.032381795424648856,0.009724826865808325,0.10456151405228309,0.019952712686973257
n03763968,0.0605178004142297,0.05125264346053882,0.14004613959617426,0.11385243896095043
n02321529,0.022232854593619504,0.0687412754857661,0.08886927245455671,0.18794184636104466
n04462240,0.054777084684947144,0.06639332659477076,0.12063841527559142,0.14059310731167257
n03857828,0.01609242733369984,0.015631734343424596,0.06852300229621744,0.06856664149814107
n02123159,0.027106886504689023,0.01689039969330679,0.09908528035921849,0.03690757949346033
n03874293,0.01619941118577529,0.012217288855226797,0.05655918207790247,0.018054417532415414
n03344393,0.004950894566000704,0.003011455879941423,0.021784125827514548,0.0062588266156513575
n02123045,0.028974441244124575,0.01966314666551572,0.09356959356405187,0.054564037875756984
n07873807,0.0117686410122483,0.03113091104423695,0.05123455636257382,0.10379139544381748
n07565083,0.026515639940602288,0.02058207010259366,0.07941939184622109,0.046296954021883434
n03492542,0.015404238209117216,0.020176686809572856,0.06622312964453679,0.09764975317232501
n03944341,0.10833241126929102,0.1551107081621831,0.19101379247476546,0.25482139055013947
n10565667,0.019346567273318117,0.040676280213110656,0.07623528392214597,0.1193551869378375
n02802426,0.2720006711333174,0.15000916788252652,0.3263529766393047,0.20539990475524772
n07590611,0.025943293453124943,0.027080520096088776,0.07938623290571067,0.037587901262835836
n03623198,0.1190309940728447,0.16087661396946232,0.24024818656249322,0.2811470558559763
n04336792,0.06443150633083217,0.10990299985744059,0.1532965155657789,0.18974183823261712
n02488702,0.026285583075630038,0.01934054039458715,0.0700467139904895,0.05102800466864584
n01755581,0.01248780255085747,0.02738517253774262,0.05741783613615995,0.08963330140332085
n03697007,0.02932324614968923,0.039039965573892915,0.08944465543196045,0.08165343201602203
n02099267,0.03593507810532331,0.05815365293492732,0.09434811915532003,0.1298646861925377
n04127249,0.042429609096790985,0.04705841828135329,0.13974915804730592,0.12884630480949766
n04065272,0.009052449577859068,0.009360898674826786,0.050781763201505105,0.04704471661281193
n03291819,0.03294911455339766,0.023150464744719556,0.09288204272030781,0.06101632984118032
n02091831,0.10227143239337833,0.1424808065605248,0.18526745328406355,0.1967719590391326
n02094258,0.035720631202584674,0.03289426504078619,0.11070337758952936,0.09502146746437092
n03131574,0.05095389676253905,0.04594209263050288,0.13742999280882723,0.1081568299092054
n03445924,0.057042226945331086,0.03817118345134077,0.1404876933168045,0.1337670310269207
n03710193,0.01817107883405127,0.009511522043858349,0.06273294700469322,0.032908939463551466
n02704792,0.009479386174232718,0.01388973717574416,0.035528892345510585,0.040259509353537296
n02894605,0.01304028951050769,0.014519694777989115,0.06722800599593783,0.06843899934793439
n04590129,0.03894944529268948,0.0340980852850771,0.11090853863288058,0.12026390347337755
n01440764,0.07377591441817591,0.1246119768391327,0.16266347282934396,0.1878002290730264
n02325366,0.020788080585871557,0.00592346187442189,0.0844315638213539,0.016938439684964012
n03690938,0.060114241744604564,0.03612208258639901,0.17613297349184737,0.13679412513045325
n02128925,0.004980994488017549,0.0028509485305555416,0.02626950801153752,0.005412371883001075
n02018795,0.008686976733261662,0.006219390750484308,0.03068663982508687,0.01074295564499769
n02906734,0.043308801609341516,0.0509580978615486,0.12734897770970613,0.10940226202567421
n03658185,0.021733896813328664,0.10807448986477083,0.09962851360325865,0.23702326559113207
n02111277,0.03726978247033216,0.017757404725052765,0.10714636905803189,0.03332662544677524
n02096177,0.050339835375461696,0.026075403994800583,0.1294800239058709,0.059738528863925465
n03063599,0.05650830341328163,0.10068750390818736,0.15210883886432008,0.19696670244013786
n02950826,0.03245372767103467,0.028608202404284383,0.10091504154826182,0.058034365419857924
n02776631,0.03740224833571957,0.04516993749401536,0.09781604640539751,0.1178901797185697
n04366367,0.009836603920002185,0.010644074767734537,0.05882012470652669,0.04607155421008046
n04099969,0.04493056586827217,0.08134096838533011,0.13321823080000753,0.21120168589758287
n04252077,0.011165244328188632,0.009221430212701307,0.03312849945412783,0.014635763990641683
n04192698,0.030128497856517576,0.03578369349306399,0.0919956895547977,0.13031201180211516
n01614925,0.008253180808090678,0.006317911302776338,0.0293735960515477,0.010951937285347454
n03670208,0.03238276827110167,0.03435332656797868,0.10844495037062463,0.11211350499955015
n02098413,0.03628638751632707,0.020722671369883303,0.10790521332737364,0.04051091211001512
n03240683,0.003105850544349189,0.0029091031411996936,0.015365655179740114,0.008452958914954579
n02125311,0.039488651230838,0.06880067699607025,0.10158027564861831,0.1669271335173838
n01632777,0.08833133312577773,0.04440405209239543,0.19817351919722104,0.10457511234668333
n03942813,0.15572975565671585,0.18622334823092387,0.24367999801926862,0.2166489626513648
n04517823,0.0767413627123436,0.07356132091390463,0.16319873432279206,0.14383731617735157
n04033901,0.05075648531157506,0.06528557122830307,0.14831627718177132,0.13717746238825182
n03187595,0.028079713475284124,0.00522612990733478,0.09865776587839085,0.009466445024379445
n02099601,0.049719252396979136,0.10766290811593535,0.1291225719308215,0.2231485974749353
n03837869,0.005112858507372511,0.020749316348410502,0.023248094988048452,0.08697021947392106
n01685808,0.04017138265472534,0.05439303895458579,0.13690444407638172,0.15657458613420192
n03445777,0.03433527645296157,0.028014616685837837,0.12203883524244061,0.08030457095141574
n04507155,0.08729740322098022,0.07632695309737755,0.18270722355287614,0.1705831974033773
n03272010,0.06423569011211767,0.07189694853255787,0.14836478936773265,0.13553675413114513
n12267677,0.07984325762953637,0.08161302702392277,0.17479056702680948,0.13731192980354023
n02106662,0.08277289580652228,0.07605993421680977,0.15683775611727763,0.12378415119156061
n03970156,0.13575597702823486,0.14846568019936968,0.24539141836494535,0.21734027027302202
n01744401,0.027318805891663016,0.07937560432797,0.10045160273044007,0.19669228510804673
n03995372,0.0836335403884864,0.10301395601127297,0.1797828913774468,0.190325340117285
n02457408,0.028295493730695134,0.04048893107632466,0.09478696208986918,0.12608800797313988
n02012849,0.03638939217727642,0.027229354739683912,0.10429495086087533,0.09732559652252419
n03877845,0.008187641751938748,0.0052935733012509445,0.03711083143396807,0.012630408214997398
n04367480,0.05283736860157245,0.024049665562327505,0.14693338637412073,0.0643140895417806
n03899768,0.01766747842469327,0.0439354111594912,0.057220947944968154,0.11884435007619483
n02870880,0.02643493846647588,0.025141915807560693,0.0888074949258875,0.07736450116316516
n03764736,0.03649482721516585,0.05375008379820656,0.1131652761136155,0.12902049168117208
n01491361,0.02104210505609265,0.014956438832668936,0.06692388356367152,0.0334232764333259
n04523525,0.022035599793611523,0.013126879885821835,0.0659500867154361,0.02409291013747759
n04589890,0.03186460891130845,0.056207500526907095,0.07525114507579841,0.14369287564555888
n01669191,0.022979484810073763,0.02527967234211047,0.09433315137731622,0.07987182174632883
n09246464,0.01571986172613682,0.021482807697084355,0.0828313889862427,0.089137339227689
n04355338,0.011755268818247703,0.011592813003780976,0.046484152390991254,0.0368381553552902
n01582220,0.04957663430765488,0.06805845995721028,0.12255842787530928,0.16066944281850615
n03733805,0.023219756983379615,0.04764372647046002,0.0866410973752661,0.0999915970233037
n04493381,0.17284459876465122,0.23362038314866368,0.28259315044231426,0.3106309620282242
n02869837,0.10972372414836609,0.08969022913819572,0.20718105699393935,0.1726041069339063
n02229544,0.04504632672527407,0.05038797748868547,0.13185163849722964,0.12834937242264538
n03662601,0.013859754151485807,0.011444562473861879,0.05411677243209956,0.04016979689422444
n01616318,0.017876125287774935,0.017904442951021338,0.059875211111680225,0.03936526119517108
n02841315,0.08912819318246672,0.10922688141354228,0.20747495794433524,0.21232036111756675
n03201208,0.035315857275699206,0.06756210553779965,0.09050725239227167,0.14495094459181102
n03902125,0.03805156138742347,0.029353372306272833,0.11382661757200586,0.08798137156248884
n02096294,0.0367256086813303,0.03272355162658641,0.10737422643345378,0.11994609808876142
n03476991,0.15427328424072076,0.12568428159152517,0.2541515448103169,0.23114735729752434
n02129604,0.013493194846572687,0.004602287566897303,0.04457925061591684,0.009799573364546546
n03733281,0.027387568589102337,0.04724172601076134,0.08626132483602421,0.11798939044168771
n02494079,0.039796562203818775,0.02183465428826821,0.11341390354352035,0.06736348829268778
n12998815,0.00742778431407968,0.0049591913567564915,0.0394004437149851,0.010685900504610659
n04044716,0.007572797131663882,0.005103567451741355,0.041376555120934216,0.012213866544511214
n03775546,0.05745392569499526,0.06941036271076598,0.1571494023221175,0.17682859316022945
n02091467,0.05327412712024528,0.08941664345533354,0.12984252244185543,0.1754604551109913
n03680355,0.14673486919896964,0.18823642759613904,0.24598086504868408,0.2894720865083467
n03347037,0.009590377046909019,0.004536917533017473,0.046946092851349784,0.0064807729769990954
n01829413,0.05928701486542851,0.10126610154176888,0.12228684792012161,0.19387623148699124
n02966193,0.0765415885382922,0.0892750687582884,0.1543010308732339,0.2011810203481229
n03825788,0.10544119372515373,0.0458496083427111,0.23377071566707563,0.14329218203960384
n02488291,0.03288379629454605,0.020094831126128837,0.08981372231927683,0.07007282262723168
n01734418,0.0558829766786384,0.042506809307565445,0.15798928676468252,0.10709857945595401
n01882714,0.06147114157115976,0.03983664083316398,0.13532653663296326,0.08526697053402432
n02777292,0.3686603731468053,0.4080472935878606,0.3564962578833829,0.3577518739471954
n02807133,0.3103913139871665,0.3049541324090933,0.35095459164614745,0.33171838535923487
n03376595,0.039317300545917075,0.08609102049855209,0.12121694171297673,0.15513819304346416
n12057211,0.0603421919554984,0.09564271961120539,0.12027505162955338,0.19359165977213214
n02917067,0.04064415264812386,0.018406725110344267,0.10413285778630062,0.04325391718054475
n04532670,0.005815125165465473,0.014970905076006602,0.028787987453005877,0.06782404079679641
n04209239,0.04579396383893919,0.06223520777940394,0.1313642660456182,0.1404496649653039
n02107683,0.06727062390762009,0.034381257511813604,0.15108518997095774,0.06325333605906122
n02101388,0.043357978064896975,0.07991217531565781,0.10796347226722859,0.17853925078635766
n04398044,0.0752050114623984,0.04985468302319532,0.18197179356704685,0.14848919731851917
n03447447,0.01767834903426711,0.009770205353052007,0.07151672003786805,0.0250675713856151
n03958227,0.05430876345556241,0.041932871916560546,0.1409408017693018,0.07564877916112146
n01534433,0.05693075966495791,0.0387233209776241,0.15151862078120457,0.07062821557458199
n02102177,0.03654477625792164,0.04692436980674529,0.1011983050902371,0.10467383636991297
n03314780,0.03695586257198904,0.030405179177534474,0.14107099012219834,0.11361851393772571
n03584254,0.04767413648935396,0.06931384664737948,0.14755069286490824,0.18603300561099428
n02190166,0.0477859401090911,0.09437160181027139,0.1185102894159815,0.20457724876682024
n04204347,0.04103873779431327,0.026525705053463754,0.1272896849271104,0.060798007495917836
n02086240,0.04482813301845634,0.018781467024600717,0.1274945632282775,0.04305795710252919
n01817953,0.07071631783590408,0.08890283757995349,0.1665346527574589,0.19904201101171368
n03290653,0.006741028252074417,0.0032128380812545387,0.026012134631380288,0.006600705518422056
n04418357,0.04454204825032521,0.03257370970211923,0.10818360805137714,0.07044172846375694
n03041632,0.05531309855647642,0.06927263475844939,0.15557717749320896,0.1542508022553771
n01983481,0.07327869068475452,0.05689569824652608,0.15870123200114275,0.13359217406029375
n04311174,0.08236418940371003,0.08700309682368243,0.1665906938873559,0.159688407030313
n03529860,0.03179202603104017,0.030364242097909937,0.08939281046670922,0.08855589549898973
n02105505,0.019530297672057825,0.04955416043236255,0.07508543742960634,0.149034881752104
n04086273,0.05082411192772418,0.02691821429358386,0.15622669384837162,0.09423992638559318
n02110341,0.04082747076399681,0.034609556410141525,0.11826782620449323,0.07300211607271699
n02504013,0.06540483067876343,0.053730769517860606,0.14195208345491556,0.13568228189210277
n04147183,0.008814977665663734,0.0019445739288991826,0.05746851825348277,0.006504187341426751
n02823750,0.046635398213608875,0.07803568995185742,0.1286158703046143,0.16556373746480288
n02364673,0.09519772020103381,0.049457530710714084,0.1988146286332971,0.10813376240379793
n02127052,0.016591285712457972,0.001732541484225294,0.06694661085743399,0.0037180142212531564
n02895154,0.058331583514705694,0.08993499841899101,0.14684602193267648,0.16660983699117748
n02094433,0.05085633649377552,0.0649678572097946,0.14556587227015827,0.1784060438854236
n02117135,0.008658793012333172,0.00848259758228096,0.033565239226987356,0.023077132189632997
n04467665,0.0046928178590891,0.004672723921107718,0.021198531050980608,0.011822150924582827
n02090622,0.03788285535731103,0.010505114252227941,0.11096094493704767,0.01863633559612818
n04008634,0.04204509069229807,0.08204240931925597,0.12161407887713607,0.19698522598202337
n07920052,0.047324842310463106,0.0431280658219805,0.13382229636081597,0.10331366473725749
n07695742,0.06042636504317587,0.062367169201042995,0.14821551040564648,0.15547085451599366
n03933933,0.008728921229969128,0.008950991895708284,0.051867916540567646,0.04276500341854789
n01728572,0.11082712702043152,0.12220752422138417,0.24368412936611858,0.24567126022571878
n02110627,0.030942210330986545,0.04202300506687607,0.09552153678134713,0.07941051454258882
n03146219,0.05227868295251332,0.06949039417385051,0.1318645090203649,0.10297723962345372
n07718747,0.04347146204898215,0.06811788254673047,0.1182841646555363,0.19195015562080797
n07754684,0.11387161846845736,0.07423368431418567,0.1998088357037027,0.14459487720528766
n03788365,0.05403257727113918,0.04737832709375653,0.1361131411376462,0.12677685427507063
n03649909,0.06198608758431957,0.08101357818557517,0.15034264757065535,0.1848860014828836
n01768244,0.021594856514444486,0.028040352485738964,0.09691577661932353,0.11018228655115313
n02110806,0.18894672881191713,0.1939516978179381,0.2609687391523454,0.26427813651727283
n02493509,0.030930668637115834,0.04498931476518919,0.10134389766762172,0.11705378714303113
n01828970,0.02404366584442528,0.020070729902308813,0.07430102364113547,0.06284746636222734
n02102318,0.04213267607600543,0.034505808617868755,0.1240195396205171,0.0859084220940801
n02088632,0.05354780703036292,0.0693933705240488,0.14358851776149617,0.12995989289206764
n07714571,0.02856177644553925,0.033561527412384745,0.0909118052883609,0.08671416702509167
n04461696,0.009649001109515354,0.0071876162701664725,0.04329011392664558,0.010223741971603674
n04392985,0.013269033870772176,0.02023521529908038,0.06265796870343704,0.07833612343920343
n01494475,0.04984295767456752,0.04757098865473381,0.13883629710639506,0.14156554743487015
n07583066,0.02010833544870135,0.0273799573487139,0.06927533828755876,0.12437749308049129
n04326547,0.017421669294992625,0.015120488789434602,0.06814187254967592,0.049298918901453825
n03888257,0.024362007018849448,0.01885551671461144,0.08220123068384569,0.050521360084487765
n02095314,0.017572123824392397,0.013066723253507462,0.06551036211705918,0.030500030142697802
n02009912,0.02291358313218608,0.02020605614339047,0.0795549091284176,0.04879724241501429
n04532106,0.021279299459560815,0.02994773306540992,0.06315309021952986,0.0796743691376262
n04033995,0.07569625216822413,0.04574334966937386,0.1581319448136512,0.09919805433463827
n03271574,0.03755914596872347,0.022619759174386696,0.11244725412192377,0.06663884315358838
n04243546,0.04180350902409129,0.060391910483231184,0.11822850414508759,0.16498986256523007
n02410509,0.01264984946015414,0.004809733020829298,0.04899579225133743,0.006690745837981014
n01443537,0.03008721257542641,0.052769110560584524,0.09312750855773351,0.13581437145989295
n03000247,0.09948833128295206,0.06543008829894091,0.20545719752083386,0.1565242708645765
n01819313,0.027256400180967776,0.058109214570722545,0.09068535586400524,0.17609399163342238
n04238763,0.01969466368056744,0.017698739347518994,0.07360745041055373,0.036236353631970454
n02536864,0.05828065998131065,0.03898742972236505,0.13229976807090282,0.0910568988892015
n02095889,0.01487712219962049,0.0350681941627181,0.07157212398739202,0.09298613834452678
n01784675,0.03091789096072085,0.02567157172040311,0.11642059879242096,0.08089448966477877
n04612504,0.004499395891194263,0.008692571585036148,0.027127963426372713,0.031112425383597556
n04550184,0.019891259838192392,0.020604636197872422,0.07621606073368677,0.07210424640752759
n03089624,0.05938085170055283,0.08574622098909458,0.13355659981265205,0.21368024207079991
n04487081,0.006121218036137322,0.004209528267965652,0.03169545861876824,0.004066676165725897
n02113799,0.05058141660946907,0.0792860515807115,0.12971655142699148,0.16386450230918378
n04613696,0.00896994364682147,0.005821732303843419,0.042229162034642505,0.01665671166326277
n02119022,0.022384703027305653,0.013480969313055766,0.0702225440011173,0.05185422418116838
n07720875,0.09752168414967365,0.10897296957443543,0.19677282711554078,0.2526130917682619
n03769881,0.01173711224834551,0.009781526587321423,0.05754401650835674,0.019591747643251518
n03216828,0.008551799739353206,0.013269703376672624,0.050578576366900746,0.03975344035294226
n01632458,0.03990931359758477,0.11994070172867395,0.13764767707074851,0.25623498964065733
n03272562,0.009072131514678826,0.006700615465342707,0.034308875036988366,0.014246264842728321
n03642806,0.07081648316079393,0.05509485496435915,0.17001189494352323,0.17071313084372605
n01601694,0.011422567980000797,0.021933013161406053,0.056866842529867075,0.10220990461360954
n02951358,0.08615195195589335,0.04964763362713711,0.18480077434394157,0.06489504442713746
n02105251,0.04080096553672708,0.021716972055164662,0.10400297917221735,0.0437145127980755
n03792972,0.030281701357042935,0.024588762220353146,0.09858734648371595,0.07405320925003439
n01872401,0.02187904797279685,0.016903860521888418,0.09189614078382977,0.05926531339716909
n02966687,0.012567918176380508,0.013763894499784683,0.05812586270764563,0.0362252976356452
n03871628,0.03366354374910385,0.028803519500733045,0.11229600199914846,0.0720438500633134
n13044778,0.07689193999603375,0.10674765106712585,0.18859334399567537,0.20210706679558899
n02403003,0.040532009931336876,0.04179088544595288,0.11317583804830661,0.10049909823135424
n02108000,0.05509480697591241,0.05995248359561401,0.12825084449356947,0.15121296675548418
n02172182,0.034635736074347764,0.024867164769948432,0.12606931532120297,0.08885067568783027
n01560419,0.053923707432598944,0.06997009582670216,0.12970712524647013,0.16870696786094422
n03743016,0.01076487787698443,0.010850294799474795,0.03874163492902934,0.036188292674057015
n01622779,0.005578855982723562,0.0026601874375273837,0.031714430666060174,0.004954172690145724
n02727426,0.020088459130266363,0.032096934607225194,0.06398503914286265,0.10167835632641928
n04522168,0.029406867380800006,0.04614504488849661,0.10078300161765638,0.1316416592266867
n02843684,0.015510651565894913,0.021142790309550036,0.05939319377215626,0.048510662901825465
n03255030,0.1859401765490262,0.26569727428330225,0.29307160721301184,0.33165461680973846
n03000134,0.0497091833161584,0.046174609660376974,0.1423388995472854,0.14129634078073153
n03908714,0.030303758456268693,0.05235683205207351,0.10876860107564965,0.1451098885847859
n02109525,0.06070251230684656,0.07236313638508364,0.13426858270704023,0.14601807212298115
n02483708,0.03404716212650202,0.01960359243347966,0.09448586134560708,0.0615506850860722
n02422699,0.07351430570748314,0.06887023611662699,0.1571729313131346,0.10207779616083629
n03482405,0.025805708226223946,0.034276633156226026,0.09609793298980276,0.0867063855115406
n07753592,0.19638366483759817,0.15694966629123655,0.28355232074384107,0.27657041118054937
n03447721,0.029367550920224198,0.00756492053238095,0.1051614773495444,0.02920890130937138
n01980166,0.03139503666530029,0.028078643208343693,0.11783155165176942,0.12545189563872966
n02110063,0.05342898625703411,0.03067004497106609,0.12375096798141819,0.05146844407265746
n09428293,0.025184496398276766,0.009689979456720722,0.11103750117363934,0.020810496198053315
n02489166,0.08476177396688034,0.09751896217614558,0.16614707381910815,0.16458637351327748
n03017168,0.031494785971931644,0.048716114601734264,0.10225418132764294,0.13470229323970706
n01978287,0.04938284866159738,0.02495653212652542,0.11504183786640648,0.04650479869017676
n03788195,0.007972298593352809,0.0035489906862039788,0.040314702236945145,0.0063537393938404305
n02396427,0.016625993405309656,0.007969281832010892,0.0650303918202974,0.017432223481750966
n04235860,0.0806635141064092,0.07714465427130562,0.1624205602626644,0.15653771992694224
n03325584,0.14296912809400628,0.10308430084613064,0.24413209347289924,0.1566700298093677
n02865351,0.019957569249534658,0.019792635083278862,0.09158014955340621,0.11633494770997568
n04417672,0.00919800300269261,0.006264045514237751,0.035661147760673334,0.01742860171823131
n02236044,0.05467457598039971,0.04310507341653647,0.14388008033558747,0.08815478569424179
n02093428,0.10022019817182057,0.16568673105328344,0.1864836130300006,0.23956618139197522
n02109047,0.11250883500941923,0.12991487789753592,0.19946299356697628,0.2016985520530916
n01531178,0.047081894171239536,0.03165327107857593,0.12425994862817714,0.07181947102466775
n01843065,0.042294754525203274,0.09429396508980062,0.11368900263490943,0.16833118036302108
n01985128,0.07632593408332322,0.06746377964336717,0.1783729189584282,0.15902848007178855
n02342885,0.11051722440602935,0.10323362097211429,0.2313168214249948,0.19891792362750857
n03877472,0.17814987039697266,0.11310545802804882,0.2548234649116999,0.17049554408975606
n02346627,0.027645119733503153,0.00719283431629492,0.1011851807005409,0.01133739889409738
n03717622,0.006516748178746428,0.00614059566378927,0.03728513246829611,0.013737294282167092
n03476684,0.04112994839258577,0.03412511908224815,0.13715494037581244,0.08397952702478527
n03992509,0.23928064926919626,0.3681619967167535,0.29635625679938427,0.3186017799981939
n03404251,0.12858589755807148,0.18062356325965992,0.21649503314188395,0.278853042625423
n01558993,0.03094679464713067,0.031890793025668246,0.09327897244657068,0.09975844730283481
n01694178,0.046577079674357036,0.053727592463492325,0.14107826306700114,0.09441980660072154
n03838899,0.0993048445516909,0.13843833755297283,0.19148654221276365,0.23565265464629864
n03991062,0.04619406371153851,0.030193992296990473,0.12347214161385109,0.063385259741089
n02454379,0.034655690550241515,0.0478331752793747,0.10562201354428452,0.12372980753447624
n03498962,0.05019270312761138,0.14200359935537563,0.14233355682392937,0.2273432775117422
n09472597,0.006031376790782412,0.005010146557565349,0.026845598891480325,0.02598417156380778
n04266014,0.022078947499771556,0.038255307810086375,0.07850871609945562,0.10519418631566252
n01665541,0.041531296587881045,0.048765239508175,0.1289531853398914,0.13842752248848236
n02492660,0.028950868183572512,0.014449914704673574,0.08545149512056699,0.02092348309529577
n02132136,0.013293201557583682,0.004470546741956127,0.053987512031555315,0.00965400839590969
n04330267,0.013498427667530902,0.0397925873331954,0.059694736825313996,0.09921755012477013
n02102040,0.043543079618524244,0.027924267171074463,0.11312689736069745,0.08182816648911871
n02058221,0.06721077789518498,0.062072094960112734,0.1505670140403472,0.12837921606577932
n04599235,0.07496838320407592,0.08301857495043392,0.16869309633004856,0.17906645591778225
n04131690,0.04408626008574852,0.00881997115491421,0.13115466433404196,0.03477375077855033
n07730033,0.0074831363829049894,0.0056480530697899664,0.025508301644438937,0.016692966565129634
n02793495,0.004852010868591273,0.0030190791985751277,0.022985988392923613,0.005826500849611191
n02804610,0.0898527632985989,0.0990795790911443,0.17892598505935847,0.1687810093957349
n07715103,0.03021848011582491,0.016671518876178765,0.0868181204556491,0.02474266124198375
n02128757,0.004170345018068044,0.004324569279041839,0.025622121552924326,0.009617374975710195
n07749582,0.14747015424720353,0.15983715177531901,0.25967455996822125,0.2424084888843377
n03929855,0.010555841500432641,0.036923583906391284,0.0485655262032357,0.07301895836410019
n01910747,0.01961075297311055,0.01486200855532843,0.07675339784184712,0.045760140008567256
n02112018,0.0520579814049736,0.05539912946862387,0.13698510731507219,0.15029689716051223
n02992211,0.20277045086659468,0.22798079897147544,0.26029377728566283,0.2774195410664446
n01820546,0.03421427329848012,0.008674177591292392,0.1119800026161459,0.0144373005468716
n04371430,0.4593297933143821,0.5450166435815663,0.3927379747503829,0.35990951053216963
n01537544,0.045518881034148855,0.037468398862611135,0.12638869494025762,0.11975761824884118
n02091635,0.018352107118091356,0.020914204613618495,0.07130005026700942,0.05813124380260955
n02099429,0.04002244458312067,0.013139888660844009,0.12015785442234451,0.01893648633792047
n02999410,0.08198310570885538,0.04288504425490828,0.18248311127478234,0.10069156086743257
n03868242,0.029176800580567416,0.01723313967568174,0.08496043251620918,0.030929622435461355
n03792782,0.055625471901241695,0.06801236985404102,0.1357528898546326,0.1565288603835912
n02268443,0.044008588728178887,0.031119193517238273,0.11907453938249628,0.07596134068691815
n04479046,0.12032870534645129,0.1462292343666195,0.2010771835155466,0.19454877004383386
n02981792,0.015336631230093458,0.007028088921360904,0.06842309591694223,0.011773279690921875
n04372370,0.017295417643179052,0.007027982592378521,0.08548257312243238,0.016975611649728137
n01775062,0.029278748151504892,0.02570194020522649,0.09617964608996622,0.13733141500246415
n03133878,0.023372273549553572,0.011460683689201688,0.08097538247755681,0.034355950093230836
n09288635,0.004268964581659503,0.002902948886639933,0.022941765781170027,0.0062974391666346255
n03394916,0.08263502052440631,0.045827000068359214,0.1824254942041423,0.10715935954393115
n04116512,0.06117946912005539,0.050576618960039926,0.1516719420083486,0.09541886999723509
n01883070,0.055650303458494386,0.10886265378262579,0.1542505211085533,0.26051979084021043
n04501370,0.03050278153691324,0.03695007502621138,0.08620397422532754,0.08918356233159719
n04026417,0.028696337126244722,0.02757168614419669,0.10760056297139557,0.07458934169162008
n02319095,0.025170521527654005,0.019183451875435794,0.10103313561190715,0.06031307861740074
n03891332,0.03361946214347445,0.05177568598432117,0.09344258625296464,0.12068126720745442
n04332243,0.06553376512820998,0.05883416457136945,0.16630238258904873,0.14678851149052224
n02837789,0.8593693262799897,0.7298584918474171,0.2331913230650649,0.3137587279336749
n03483316,0.1421329083855555,0.16343267058076605,0.2466045612462993,0.27917918255820995
n03814639,0.15184860711852033,0.22087864237455507,0.24197835112402086,0.30589338518199
n03220513,0.009831726043766104,0.00812058510926633,0.047257187729802835,0.030000527345015352
n01871265,0.044713112552872296,0.04948154230325599,0.10519053046152942,0.11048768397021243
n03372029,0.1365113817788755,0.15549053104266933,0.23047883041120878,0.24592002441857824
n02002724,0.019707672455471295,0.011333636811832548,0.05799821732267394,0.01938814227341418
n02089973,0.04648765252141432,0.1277544113647855,0.12498453812364059,0.23504261332756252
n03457902,0.01584848613332042,0.007695403604193416,0.06351381213239571,0.015625004156910847
n01877812,0.05748131033703653,0.04928587942011291,0.14486252868524085,0.12281198793449162
n01682714,0.061909675230641205,0.06827218474521941,0.15303103161526413,0.16345319395054078
n04039381,0.284530933310463,0.19125309131150744,0.35248899184349786,0.26410322495012756
n02130308,0.013362578327419288,0.021190909691640628,0.059585229435861586,0.08927481146584954
n02106166,0.02710392554382421,0.03380861513494892,0.08112830555916366,0.09378425975573434
n03895866,0.017914283490910173,0.04175909793841129,0.08472105884766995,0.10767215837984108
n02447366,0.014739007000205837,0.015993532862992196,0.061652232601439115,0.04394976262812633
n03532672,0.034446528391828844,0.04312402453069126,0.11002830643667097,0.12112750548601614
n03721384,0.07377800280017709,0.12169261957292064,0.15167313167452814,0.20387473521368754
n04428191,0.011747361261716691,0.008880518445689373,0.03528556408061094,0.01642837999845923
n01729977,0.05086904538588186,0.040224891514881164,0.12835207613383195,0.11840713782987744
n04591713,0.041777077847471145,0.03644613687501987,0.11322547094727227,0.08379190930130649
n03709823,0.03636640722599775,0.03128255504417976,0.1245659607196184,0.12076001409536712
n02916936,0.034341169195852096,0.07568904518161106,0.09155860916870319,0.14253137985087116
n01742172,0.07168104916802495,0.11605275340927619,0.1648654132737059,0.22318260650030963
n02814533,0.009221998414047458,0.008764161260351101,0.039905392111265495,0.01917186602572727
n01484850,0.019657819106328835,0.02531576833204781,0.07259515229385305,0.08625637412841249
n03467068,0.02073476023648301,0.013328210419495008,0.06862603639773512,0.03254685933264962
n04465501,0.017833270066625245,0.020513970021761453,0.07266463313746858,0.06862212888780381
n01689811,0.07925218835716841,0.08686877802228082,0.2035701858333594,0.2197663718249924
n02074367,0.020905878524736937,0.035939786884209755,0.07255575808145527,0.11953655176369637
n04285008,0.0165907823047143,0.015216904104636341,0.06508224230599502,0.03283072892598637
n04486054,0.011842931362393914,0.004353480388772368,0.06092945278366996,0.006398229315017421
n01770393,0.04764718568444336,0.05666481179778273,0.14185994289671328,0.16349348964890537
n02788148,0.03222343006266147,0.009888850226444675,0.10824589129233322,0.016158962185755275
n01729322,0.04018972299978253,0.05045978627281784,0.13763713260947635,0.14687481330457905
n07716906,0.06861658275108153,0.15307584414769906,0.18523465977204975,0.2728882664924379
n01629819,0.01230949279820464,0.02022955330545301,0.05934852163103348,0.058675638952125755
n02088238,0.0926976716187385,0.06835750322476088,0.1758087397966844,0.12881234669080982
n01641577,0.01715393033012215,0.00987540544139847,0.07659450452390724,0.04001993247296833
n02979186,0.010768965619420036,0.003425012264292059,0.055034672298874716,0.005221495447340505
n04597913,0.11094201786745084,0.047557929127578974,0.2188160452359986,0.10090068365288718
n02091032,0.1880487223054761,0.17035607510624687,0.25666229959982173,0.23785282611962114
n02877765,0.025465845660808537,0.00991000614065058,0.10144570487519283,0.01816980672284327
n03673027,0.004768240922959942,0.0034938165459379887,0.026864139086099793,0.005892625201045777
n04037443,0.021086194699551503,0.012275165380769977,0.0666738081151363,0.019927745928781385
n04356056,0.16619233222586804,0.17096277427142922,0.26184439253263636,0.2700436201394651
n03796401,0.006324298701522846,0.01652101976755148,0.03924501381409301,0.05230353400973529
n03452741,0.055663704418954234,0.033757367380039795,0.13547599411503863,0.09418497219748621
n02089867,0.0633251905305234,0.10656720844749543,0.13963204566341345,0.19919571279836107
n01748264,0.027352222567476114,0.03131009352584442,0.08921711215309944,0.09077144652554467
n04591157,0.10880817820543519,0.1047514166790441,0.21672187143560925,0.185347992107181
n02102973,0.027097778778335704,0.0386185677433059,0.08452541454192442,0.06852446743956644
n11879895,0.025918254009890115,0.008561730374472063,0.10637545703564329,0.023564165748092985
n01806143,0.04083377831106597,0.025930784048250645,0.1037794063798843,0.05578866435899609
n02963159,0.22351640773164957,0.2636875994937602,0.2733732516829169,0.31268918012225266
n02086910,0.04645404231069506,0.0354255175237995,0.1257628656240194,0.06413371539239204
n04162706,0.20331360663953285,0.1916764841852273,0.2760213413085864,0.2528275441913657
n01773157,0.02493802068356287,0.028995288560663537,0.08026795468264611,0.11087818355615334
n04442312,0.028860616166934555,0.016333961084436327,0.10185220215248376,0.04256244921804282
n02799071,0.1081235158856906,0.14814724390452283,0.21487797077729767,0.25158188762807043
n04376876,0.12533554836801275,0.19679493170091747,0.2459601180800526,0.31303504481523625
n04554684,0.041528895910169505,0.059013201276957264,0.13260896864919616,0.16567540952564416
n04259630,0.11613255580771828,0.1599683507979944,0.21051846103868133,0.28155052019336
